<metadata xml:lang="en"><Esri><MetaID>{A58F78F9-845F-48B6-A532-5E7257BEF349}</MetaID><CreaDate>20120725</CreaDate><CreaTime>13083400</CreaTime><SyncOnce>FALSE</SyncOnce><SyncDate>20200704</SyncDate><SyncTime>03001300</SyncTime><ModDate>20200704</ModDate><ModTime>03001300</ModTime><DataProperties><lineage><Process ToolSource="D:\ArcGIS\ArcToolbox\Toolboxes\Conversion Tools.tbx\FeatureClassToFeatureClass" Date="20120725" Time="130837">FeatureClassToFeatureClass C:\Users\ADMINI~1\AppData\Local\Temp\2\5415866254450495.sde\NATIONALPARKS C:\Users\Administrator\AppData\Local\Temp\2\5415866254450495.sde NATIONALPARKS_ # "OBJECTID 'OBJECTID' true true false 4 Long 0 10 ,First,#,C:\Users\ADMINI~1\AppData\Local\Temp\2\5415866254450495.sde\NATIONALPARKS,OBJECTID,-1,-1;ADDRESSBLOCKHOUSENUMBER 'ADDRESSBLOCKHOUSENUMBER' true true false 10 Text 0 0 ,First,#,C:\Users\ADMINI~1\AppData\Local\Temp\2\5415866254450495.sde\NATIONALPARKS,ADDRESSBLOCKHOUSENUMBER,-1,-1;ADDRESSBUILDINGNAME 'ADDRESSBUILDINGNAME' true true false 32 Text 0 0 ,First,#,C:\Users\ADMINI~1\AppData\Local\Temp\2\5415866254450495.sde\NATIONALPARKS,ADDRESSBUILDINGNAME,-1,-1;ADDRESSTYPE 'ADDRESSTYPE' true true false 1 Text 0 0 ,First,#,C:\Users\ADMINI~1\AppData\Local\Temp\2\5415866254450495.sde\NATIONALPARKS,ADDRESSTYPE,-1,-1;HYPERLINK 'HYPERLINK' true true false 1999 Text 0 0 ,First,#,C:\Users\ADMINI~1\AppData\Local\Temp\2\5415866254450495.sde\NATIONALPARKS,HYPERLINK,-1,-1;LANDXADDRESSPOINT 'LANDXADDRESSPOINT' true true false 8 Double 8 38 ,First,#,C:\Users\ADMINI~1\AppData\Local\Temp\2\5415866254450495.sde\NATIONALPARKS,LANDXADDRESSPOINT,-1,-1;LANDYADDRESSPOINT 'LANDYADDRESSPOINT' true true false 8 Double 8 38 ,First,#,C:\Users\ADMINI~1\AppData\Local\Temp\2\5415866254450495.sde\NATIONALPARKS,LANDYADDRESSPOINT,-1,-1;NAME 'NAME' true true false 200 Text 0 0 ,First,#,C:\Users\ADMINI~1\AppData\Local\Temp\2\5415866254450495.sde\NATIONALPARKS,NAME,-1,-1;PHOTOURL 'PHOTOURL' true true false 1999 Text 0 0 ,First,#,C:\Users\ADMINI~1\AppData\Local\Temp\2\5415866254450495.sde\NATIONALPARKS,PHOTOURL,-1,-1;X_ADDR 'X_ADDR' true true false 8 Double 8 38 ,First,#,C:\Users\ADMINI~1\AppData\Local\Temp\2\5415866254450495.sde\NATIONALPARKS,X_ADDR,-1,-1;Y_ADDR 'Y_ADDR' true true false 8 Double 8 38 ,First,#,C:\Users\ADMINI~1\AppData\Local\Temp\2\5415866254450495.sde\NATIONALPARKS,Y_ADDR,-1,-1;ADDRESSPOSTALCODE 'ADDRESSPOSTALCODE' true true false 6 Text 0 0 ,First,#,C:\Users\ADMINI~1\AppData\Local\Temp\2\5415866254450495.sde\NATIONALPARKS,ADDRESSPOSTALCODE,-1,-1;DESCRIPTION 'DESCRIPTION' true true false 1999 Text 0 0 ,First,#,C:\Users\ADMINI~1\AppData\Local\Temp\2\5415866254450495.sde\NATIONALPARKS,DESCRIPTION,-1,-1;ADDRESSSTREETNAME 'ADDRESSSTREETNAME' true true false 1999 Text 0 0 ,First,#,C:\Users\ADMINI~1\AppData\Local\Temp\2\5415866254450495.sde\NATIONALPARKS,ADDRESSSTREETNAME,-1,-1;ADDRESSFLOORNUMBER 'ADDRESSFLOORNUMBER' true true false 3 Text 0 0 ,First,#,C:\Users\ADMINI~1\AppData\Local\Temp\2\5415866254450495.sde\NATIONALPARKS,ADDRESSFLOORNUMBER,-1,-1;ADDRESSUNITNUMBER 'ADDRESSUNITNUMBER' true true false 5 Text 0 0 ,First,#,C:\Users\ADMINI~1\AppData\Local\Temp\2\5415866254450495.sde\NATIONALPARKS,ADDRESSUNITNUMBER,-1,-1;INC_CRC 'INC_CRC' true true false 50 Text 0 0 ,First,#,C:\Users\ADMINI~1\AppData\Local\Temp\2\5415866254450495.sde\NATIONALPARKS,INC_CRC,-1,-1;FMEL_UPD_D 'FMEL_UPD_D' true true false 36 Date 0 0 ,First,#,C:\Users\ADMINI~1\AppData\Local\Temp\2\5415866254450495.sde\NATIONALPARKS,FMEL_UPD_D,-1,-1;FMEL_UPD_B 'FMEL_UPD_B' true true false 50 Text 0 0 ,First,#,C:\Users\ADMINI~1\AppData\Local\Temp\2\5415866254450495.sde\NATIONALPARKS,FMEL_UPD_B,-1,-1" # C:\Users\Administrator\AppData\Local\Temp\2\5415866254450495.sde\SG_SPACE.NATIONALPARKS_</Process><Process ToolSource="e:\program files (x86)\arcgis\desktop10.2\ArcToolbox\Toolboxes\Conversion Tools.tbx\FeatureClassToFeatureClass" Date="20140808" Time="192758">FeatureClassToFeatureClass E:\MXD\RegisterDB\SG_SPACE.sde\NATIONALPARKS E:\MXD\RegisterDB\SG_SPACE.sde NATIONALPARKS__ # "OBJECTID "OBJECTID" true true false 4 Long 0 10 ,First,#,E:\MXD\RegisterDB\SG_SPACE.sde\NATIONALPARKS,OBJECTID,-1,-1;ADDRESSBLOCKHOUSENUMBER "ADDRESSBLOCKHOUSENUMBER" true true false 10 Text 0 0 ,First,#,E:\MXD\RegisterDB\SG_SPACE.sde\NATIONALPARKS,ADDRESSBLOCKHOUSENUMBER,-1,-1;ADDRESSBUILDINGNAME "ADDRESSBUILDINGNAME" true true false 32 Text 0 0 ,First,#,E:\MXD\RegisterDB\SG_SPACE.sde\NATIONALPARKS,ADDRESSBUILDINGNAME,-1,-1;ADDRESSTYPE "ADDRESSTYPE" true true false 1 Text 0 0 ,First,#,E:\MXD\RegisterDB\SG_SPACE.sde\NATIONALPARKS,ADDRESSTYPE,-1,-1;HYPERLINK "HYPERLINK" true true false 1999 Text 0 0 ,First,#,E:\MXD\RegisterDB\SG_SPACE.sde\NATIONALPARKS,HYPERLINK,-1,-1;LANDXADDRESSPOINT "LANDXADDRESSPOINT" true true false 8 Double 8 38 ,First,#,E:\MXD\RegisterDB\SG_SPACE.sde\NATIONALPARKS,LANDXADDRESSPOINT,-1,-1;LANDYADDRESSPOINT "LANDYADDRESSPOINT" true true false 8 Double 8 38 ,First,#,E:\MXD\RegisterDB\SG_SPACE.sde\NATIONALPARKS,LANDYADDRESSPOINT,-1,-1;NAME "NAME" true true false 200 Text 0 0 ,First,#,E:\MXD\RegisterDB\SG_SPACE.sde\NATIONALPARKS,NAME,-1,-1;PHOTOURL "PHOTOURL" true true false 1999 Text 0 0 ,First,#,E:\MXD\RegisterDB\SG_SPACE.sde\NATIONALPARKS,PHOTOURL,-1,-1;ADDRESSPOSTALCODE "ADDRESSPOSTALCODE" true true false 6 Text 0 0 ,First,#,E:\MXD\RegisterDB\SG_SPACE.sde\NATIONALPARKS,ADDRESSPOSTALCODE,-1,-1;DESCRIPTION "DESCRIPTION" true true false 1999 Text 0 0 ,First,#,E:\MXD\RegisterDB\SG_SPACE.sde\NATIONALPARKS,DESCRIPTION,-1,-1;ADDRESSSTREETNAME "ADDRESSSTREETNAME" true true false 1999 Text 0 0 ,First,#,E:\MXD\RegisterDB\SG_SPACE.sde\NATIONALPARKS,ADDRESSSTREETNAME,-1,-1;ADDRESSFLOORNUMBER "ADDRESSFLOORNUMBER" true true false 3 Text 0 0 ,First,#,E:\MXD\RegisterDB\SG_SPACE.sde\NATIONALPARKS,ADDRESSFLOORNUMBER,-1,-1;ADDRESSUNITNUMBER "ADDRESSUNITNUMBER" true true false 5 Text 0 0 ,First,#,E:\MXD\RegisterDB\SG_SPACE.sde\NATIONALPARKS,ADDRESSUNITNUMBER,-1,-1;INC_CRC "INC_CRC" true true false 50 Text 0 0 ,First,#,E:\MXD\RegisterDB\SG_SPACE.sde\NATIONALPARKS,INC_CRC,-1,-1;FMEL_UPD_D "FMEL_UPD_D" true true false 36 Date 0 0 ,First,#,E:\MXD\RegisterDB\SG_SPACE.sde\NATIONALPARKS,FMEL_UPD_D,-1,-1;FMEL_UPD_B "FMEL_UPD_B" true true false 50 Text 0 0 ,First,#,E:\MXD\RegisterDB\SG_SPACE.sde\NATIONALPARKS,FMEL_UPD_B,-1,-1" #</Process><Process ToolSource="e:\program files (x86)\arcgis\desktop10.2\ArcToolbox\Toolboxes\Data Management Tools.tbx\AddField" Date="20140808" Time="192801">AddField E:\MXD\RegisterDB\SG_SPACE.sde\NATIONALPARKS__ GS___TempField TEXT 0 0 5 ADDRESSUNITNUMBER NULLABLE NON_REQUIRED #</Process><Process ToolSource="e:\program files (x86)\arcgis\desktop10.2\ArcToolbox\Toolboxes\Data Management Tools.tbx\CalculateField" Date="20140808" Time="192804">CalculateField E:\MXD\RegisterDB\SG_SPACE.sde\NATIONALPARKS__ GS___TEMPFIELD [ADDRESSUNITNUMBER] VB #</Process><Process ToolSource="e:\program files (x86)\arcgis\desktop10.2\ArcToolbox\Toolboxes\Data Management Tools.tbx\DeleteField" Date="20140808" Time="192806">DeleteField E:\MXD\RegisterDB\SG_SPACE.sde\NATIONALPARKS__ ADDRESSUNITNUMBER</Process><Process ToolSource="e:\program files (x86)\arcgis\desktop10.2\ArcToolbox\Toolboxes\Data Management Tools.tbx\AddField" Date="20140808" Time="192809">AddField E:\MXD\RegisterDB\SG_SPACE.sde\NATIONALPARKS__ ADDRESSUNITNUMBER TEXT 0 0 255 ADDRESSUNITNUMBER NULLABLE NON_REQUIRED #</Process><Process ToolSource="e:\program files (x86)\arcgis\desktop10.2\ArcToolbox\Toolboxes\Data Management Tools.tbx\CalculateField" Date="20140808" Time="192811">CalculateField E:\MXD\RegisterDB\SG_SPACE.sde\NATIONALPARKS__ ADDRESSUNITNUMBER [GS___TempField] VB #</Process><Process ToolSource="e:\program files (x86)\arcgis\desktop10.2\ArcToolbox\Toolboxes\Data Management Tools.tbx\DeleteField" Date="20140808" Time="192814">DeleteField E:\MXD\RegisterDB\SG_SPACE.sde\NATIONALPARKS__ GS___TempField</Process><Process ToolSource="e:\program files (x86)\arcgis\desktop10.2\ArcToolbox\Toolboxes\Conversion Tools.tbx\FeatureClassToFeatureClass" Date="20140822" Time="153512">FeatureClassToFeatureClass E:\MXD\RegisterDB\SG_SPACE.sde\NATIONALPARKS E:\MXD\RegisterDB\SG_SPACE.sde NATIONALPARKS__ # "OBJECTID "OBJECTID" true true false 4 Long 0 10 ,First,#,E:\MXD\RegisterDB\SG_SPACE.sde\NATIONALPARKS,OBJECTID,-1,-1;ADDRESSBLOCKHOUSENUMBER "ADDRESSBLOCKHOUSENUMBER" true true false 255 Text 0 0 ,First,#,E:\MXD\RegisterDB\SG_SPACE.sde\NATIONALPARKS,ADDRESSBLOCKHOUSENUMBER,-1,-1;ADDRESSBUILDINGNAME "ADDRESSBUILDINGNAME" true true false 255 Text 0 0 ,First,#,E:\MXD\RegisterDB\SG_SPACE.sde\NATIONALPARKS,ADDRESSBUILDINGNAME,-1,-1;ADDRESSTYPE "ADDRESSTYPE" true true false 1 Text 0 0 ,First,#,E:\MXD\RegisterDB\SG_SPACE.sde\NATIONALPARKS,ADDRESSTYPE,-1,-1;HYPERLINK "HYPERLINK" true true false 1999 Text 0 0 ,First,#,E:\MXD\RegisterDB\SG_SPACE.sde\NATIONALPARKS,HYPERLINK,-1,-1;LANDXADDRESSPOINT "LANDXADDRESSPOINT" true true false 8 Double 8 38 ,First,#,E:\MXD\RegisterDB\SG_SPACE.sde\NATIONALPARKS,LANDXADDRESSPOINT,-1,-1;LANDYADDRESSPOINT "LANDYADDRESSPOINT" true true false 8 Double 8 38 ,First,#,E:\MXD\RegisterDB\SG_SPACE.sde\NATIONALPARKS,LANDYADDRESSPOINT,-1,-1;NAME "NAME" true true false 200 Text 0 0 ,First,#,E:\MXD\RegisterDB\SG_SPACE.sde\NATIONALPARKS,NAME,-1,-1;PHOTOURL "PHOTOURL" true true false 1999 Text 0 0 ,First,#,E:\MXD\RegisterDB\SG_SPACE.sde\NATIONALPARKS,PHOTOURL,-1,-1;ADDRESSPOSTALCODE "ADDRESSPOSTALCODE" true true false 255 Text 0 0 ,First,#,E:\MXD\RegisterDB\SG_SPACE.sde\NATIONALPARKS,ADDRESSPOSTALCODE,-1,-1;DESCRIPTION "DESCRIPTION" true true false 1999 Text 0 0 ,First,#,E:\MXD\RegisterDB\SG_SPACE.sde\NATIONALPARKS,DESCRIPTION,-1,-1;ADDRESSSTREETNAME "ADDRESSSTREETNAME" true true false 1999 Text 0 0 ,First,#,E:\MXD\RegisterDB\SG_SPACE.sde\NATIONALPARKS,ADDRESSSTREETNAME,-1,-1;ADDRESSFLOORNUMBER "ADDRESSFLOORNUMBER" true true false 255 Text 0 0 ,First,#,E:\MXD\RegisterDB\SG_SPACE.sde\NATIONALPARKS,ADDRESSFLOORNUMBER,-1,-1;INC_CRC "INC_CRC" true true false 50 Text 0 0 ,First,#,E:\MXD\RegisterDB\SG_SPACE.sde\NATIONALPARKS,INC_CRC,-1,-1;FMEL_UPD_D "FMEL_UPD_D" true true false 36 Date 0 0 ,First,#,E:\MXD\RegisterDB\SG_SPACE.sde\NATIONALPARKS,FMEL_UPD_D,-1,-1;FMEL_UPD_B "FMEL_UPD_B" true true false 50 Text 0 0 ,First,#,E:\MXD\RegisterDB\SG_SPACE.sde\NATIONALPARKS,FMEL_UPD_B,-1,-1;ADDRESSUNITNUMBER "ADDRESSUNITNUMBER" true true false 255 Text 0 0 ,First,#,E:\MXD\RegisterDB\SG_SPACE.sde\NATIONALPARKS,ADDRESSUNITNUMBER,-1,-1" #</Process><Process ToolSource="e:\program files (x86)\arcgis\desktop10.2\ArcToolbox\Toolboxes\Data Management Tools.tbx\DeleteField" Date="20140822" Time="153515">DeleteField E:\MXD\RegisterDB\SG_SPACE.sde\NATIONALPARKS__ OBJECTID</Process><Process ToolSource="e:\program files (x86)\arcgis\desktop10.2\ArcToolbox\Toolboxes\Conversion Tools.tbx\FeatureClassToFeatureClass" Date="20140822" Time="233517">FeatureClassToFeatureClass E:\MXD\RegisterDB\SG_SPACE.sde\NATIONALPARKS E:\MXD\RegisterDB\SG_SPACE.sde NATIONALPARKS__ # "ADDRESSBLOCKHOUSENUMBER "ADDRESSBLOCKHOUSENUMBER" true true false 255 Text 0 0 ,First,#,E:\MXD\RegisterDB\SG_SPACE.sde\NATIONALPARKS,ADDRESSBLOCKHOUSENUMBER,-1,-1;ADDRESSBUILDINGNAME "ADDRESSBUILDINGNAME" true true false 255 Text 0 0 ,First,#,E:\MXD\RegisterDB\SG_SPACE.sde\NATIONALPARKS,ADDRESSBUILDINGNAME,-1,-1;ADDRESSTYPE "ADDRESSTYPE" true true false 1 Text 0 0 ,First,#,E:\MXD\RegisterDB\SG_SPACE.sde\NATIONALPARKS,ADDRESSTYPE,-1,-1;HYPERLINK "HYPERLINK" true true false 1999 Text 0 0 ,First,#,E:\MXD\RegisterDB\SG_SPACE.sde\NATIONALPARKS,HYPERLINK,-1,-1;LANDXADDRESSPOINT "LANDXADDRESSPOINT" true true false 8 Double 8 38 ,First,#,E:\MXD\RegisterDB\SG_SPACE.sde\NATIONALPARKS,LANDXADDRESSPOINT,-1,-1;LANDYADDRESSPOINT "LANDYADDRESSPOINT" true true false 8 Double 8 38 ,First,#,E:\MXD\RegisterDB\SG_SPACE.sde\NATIONALPARKS,LANDYADDRESSPOINT,-1,-1;NAME "NAME" true true false 200 Text 0 0 ,First,#,E:\MXD\RegisterDB\SG_SPACE.sde\NATIONALPARKS,NAME,-1,-1;PHOTOURL "PHOTOURL" true true false 1999 Text 0 0 ,First,#,E:\MXD\RegisterDB\SG_SPACE.sde\NATIONALPARKS,PHOTOURL,-1,-1;ADDRESSPOSTALCODE "ADDRESSPOSTALCODE" true true false 255 Text 0 0 ,First,#,E:\MXD\RegisterDB\SG_SPACE.sde\NATIONALPARKS,ADDRESSPOSTALCODE,-1,-1;DESCRIPTION "DESCRIPTION" true true false 1999 Text 0 0 ,First,#,E:\MXD\RegisterDB\SG_SPACE.sde\NATIONALPARKS,DESCRIPTION,-1,-1;ADDRESSSTREETNAME "ADDRESSSTREETNAME" true true false 1999 Text 0 0 ,First,#,E:\MXD\RegisterDB\SG_SPACE.sde\NATIONALPARKS,ADDRESSSTREETNAME,-1,-1;ADDRESSFLOORNUMBER "ADDRESSFLOORNUMBER" true true false 255 Text 0 0 ,First,#,E:\MXD\RegisterDB\SG_SPACE.sde\NATIONALPARKS,ADDRESSFLOORNUMBER,-1,-1;INC_CRC "INC_CRC" true true false 50 Text 0 0 ,First,#,E:\MXD\RegisterDB\SG_SPACE.sde\NATIONALPARKS,INC_CRC,-1,-1;FMEL_UPD_D "FMEL_UPD_D" true true false 36 Date 0 0 ,First,#,E:\MXD\RegisterDB\SG_SPACE.sde\NATIONALPARKS,FMEL_UPD_D,-1,-1;FMEL_UPD_B "FMEL_UPD_B" true true false 50 Text 0 0 ,First,#,E:\MXD\RegisterDB\SG_SPACE.sde\NATIONALPARKS,FMEL_UPD_B,-1,-1;ADDRESSUNITNUMBER "ADDRESSUNITNUMBER" true true false 255 Text 0 0 ,First,#,E:\MXD\RegisterDB\SG_SPACE.sde\NATIONALPARKS,ADDRESSUNITNUMBER,-1,-1" #</Process><Process ToolSource="d:\program files (x86)\arcgis\engine10.6\ArcToolbox\Toolboxes\Conversion Tools.tbx\FeatureClassToFeatureClass" Date="20200704" Time="030013">FeatureClassToFeatureClass GPL0 \\10.51.50.34\geospace\FME_SCHEDULER\agency_files\SLA\ONEMAP20/1263833 NATIONALPARKS.shp # "ADDRESSBLOCKHOUSENUMBER "ADDRESSBLOCKHOUSENUMBER" true true false 255 Text 0 0 ,First,#,C:\Users\SVC-P-~1\AppData\Local\Temp\cac14990bbfa49accaf71a3e11d31225.sde\SG_SPACE.NATIONALPARKS,ADDRESSBLOCKHOUSENUMBER,-1,-1;ADDRESSBUILDINGNAME "ADDRESSBUILDINGNAME" true true false 255 Text 0 0 ,First,#,C:\Users\SVC-P-~1\AppData\Local\Temp\cac14990bbfa49accaf71a3e11d31225.sde\SG_SPACE.NATIONALPARKS,ADDRESSBUILDINGNAME,-1,-1;ADDRESSTYPE "ADDRESSTYPE" true true false 1 Text 0 0 ,First,#,C:\Users\SVC-P-~1\AppData\Local\Temp\cac14990bbfa49accaf71a3e11d31225.sde\SG_SPACE.NATIONALPARKS,ADDRESSTYPE,-1,-1;HYPERLINK "HYPERLINK" true true false 1999 Text 0 0 ,First,#,C:\Users\SVC-P-~1\AppData\Local\Temp\cac14990bbfa49accaf71a3e11d31225.sde\SG_SPACE.NATIONALPARKS,HYPERLINK,-1,-1;LANDXADDRESSPOINT "LANDXADDRESSPOINT" true true false 8 Double 8 38 ,First,#,C:\Users\SVC-P-~1\AppData\Local\Temp\cac14990bbfa49accaf71a3e11d31225.sde\SG_SPACE.NATIONALPARKS,LANDXADDRESSPOINT,-1,-1;LANDYADDRESSPOINT "LANDYADDRESSPOINT" true true false 8 Double 8 38 ,First,#,C:\Users\SVC-P-~1\AppData\Local\Temp\cac14990bbfa49accaf71a3e11d31225.sde\SG_SPACE.NATIONALPARKS,LANDYADDRESSPOINT,-1,-1;NAME "NAME" true true false 200 Text 0 0 ,First,#,C:\Users\SVC-P-~1\AppData\Local\Temp\cac14990bbfa49accaf71a3e11d31225.sde\SG_SPACE.NATIONALPARKS,NAME,-1,-1;PHOTOURL "PHOTOURL" true true false 1999 Text 0 0 ,First,#,C:\Users\SVC-P-~1\AppData\Local\Temp\cac14990bbfa49accaf71a3e11d31225.sde\SG_SPACE.NATIONALPARKS,PHOTOURL,-1,-1;ADDRESSPOSTALCODE "ADDRESSPOSTALCODE" true true false 255 Text 0 0 ,First,#,C:\Users\SVC-P-~1\AppData\Local\Temp\cac14990bbfa49accaf71a3e11d31225.sde\SG_SPACE.NATIONALPARKS,ADDRESSPOSTALCODE,-1,-1;DESCRIPTION "DESCRIPTION" true true false 1999 Text 0 0 ,First,#,C:\Users\SVC-P-~1\AppData\Local\Temp\cac14990bbfa49accaf71a3e11d31225.sde\SG_SPACE.NATIONALPARKS,DESCRIPTION,-1,-1;ADDRESSSTREETNAME "ADDRESSSTREETNAME" true true false 1999 Text 0 0 ,First,#,C:\Users\SVC-P-~1\AppData\Local\Temp\cac14990bbfa49accaf71a3e11d31225.sde\SG_SPACE.NATIONALPARKS,ADDRESSSTREETNAME,-1,-1;ADDRESSFLOORNUMBER "ADDRESSFLOORNUMBER" true true false 255 Text 0 0 ,First,#,C:\Users\SVC-P-~1\AppData\Local\Temp\cac14990bbfa49accaf71a3e11d31225.sde\SG_SPACE.NATIONALPARKS,ADDRESSFLOORNUMBER,-1,-1;INC_CRC "INC_CRC" true true false 50 Text 0 0 ,First,#,C:\Users\SVC-P-~1\AppData\Local\Temp\cac14990bbfa49accaf71a3e11d31225.sde\SG_SPACE.NATIONALPARKS,INC_CRC,-1,-1;FMEL_UPD_D "FMEL_UPD_D" true true false 8 Date 0 0 ,First,#,C:\Users\SVC-P-~1\AppData\Local\Temp\cac14990bbfa49accaf71a3e11d31225.sde\SG_SPACE.NATIONALPARKS,FMEL_UPD_D,-1,-1;ADDRESSUNITNUMBER "ADDRESSUNITNUMBER" true true false 255 Text 0 0 ,First,#,C:\Users\SVC-P-~1\AppData\Local\Temp\cac14990bbfa49accaf71a3e11d31225.sde\SG_SPACE.NATIONALPARKS,ADDRESSUNITNUMBER,-1,-1" #</Process></lineage><itemProps><itemName Sync="TRUE">NATIONALPARKS</itemName><imsContentType Sync="TRUE">002</imsContentType><itemLocation><linkage Sync="TRUE">file://\\10.51.50.34\geospace\FME_SCHEDULER\agency_files\SLA\ONEMAP20\1263833\NATIONALPARKS.shp</linkage><protocol Sync="TRUE">Local Area Network</protocol></itemLocation><itemSize Sync="TRUE">0.000</itemSize></itemProps><coordRef><type Sync="TRUE">Projected</type><geogcsn Sync="TRUE">SVY21[WGS84]</geogcsn><csUnits Sync="TRUE">Linear Unit: Meter (1.000000)</csUnits><projcsn Sync="TRUE">SVY21</projcsn><peXml Sync="TRUE">&lt;ProjectedCoordinateSystem xsi:type='typens:ProjectedCoordinateSystem' xmlns:xsi='http://www.w3.org/2001/XMLSchema-instance' xmlns:xs='http://www.w3.org/2001/XMLSchema' xmlns:typens='http://www.esri.com/schemas/ArcGIS/10.6'&gt;&lt;WKT&gt;PROJCS[&amp;quot;SVY21&amp;quot;,GEOGCS[&amp;quot;SVY21[WGS84]&amp;quot;,DATUM[&amp;quot;D_WGS_1984&amp;quot;,SPHEROID[&amp;quot;WGS_1984&amp;quot;,6378137.0,298.257223563]],PRIMEM[&amp;quot;Greenwich&amp;quot;,0.0],UNIT[&amp;quot;Degree&amp;quot;,0.0174532925199433]],PROJECTION[&amp;quot;Transverse_Mercator&amp;quot;],PARAMETER[&amp;quot;False_Easting&amp;quot;,28001.642],PARAMETER[&amp;quot;False_Northing&amp;quot;,38744.572],PARAMETER[&amp;quot;Central_Meridian&amp;quot;,103.8333333333333],PARAMETER[&amp;quot;Scale_Factor&amp;quot;,1.0],PARAMETER[&amp;quot;Latitude_Of_Origin&amp;quot;,1.366666666666667],UNIT[&amp;quot;Meter&amp;quot;,1.0]]&lt;/WKT&gt;&lt;XOrigin&gt;-5595200&lt;/XOrigin&gt;&lt;YOrigin&gt;-10114500&lt;/YOrigin&gt;&lt;XYScale&gt;450265407.00157917&lt;/XYScale&gt;&lt;ZOrigin&gt;-100000&lt;/ZOrigin&gt;&lt;ZScale&gt;10000&lt;/ZScale&gt;&lt;MOrigin&gt;-100000&lt;/MOrigin&gt;&lt;MScale&gt;10000&lt;/MScale&gt;&lt;XYTolerance&gt;0.001&lt;/XYTolerance&gt;&lt;ZTolerance&gt;0.001&lt;/ZTolerance&gt;&lt;MTolerance&gt;0.001&lt;/MTolerance&gt;&lt;HighPrecision&gt;true&lt;/HighPrecision&gt;&lt;/ProjectedCoordinateSystem&gt;</peXml></coordRef></DataProperties></Esri><idinfo><native Sync="TRUE">Microsoft Windows Vista Version 6.1 (Build 7601) Service Pack 1; ESRI ArcCatalog 9.3.1.4000</native><descript><langdata Sync="TRUE">en</langdata><abstract>REQUIRED: A brief narrative summary of the data set.</abstract><purpose>REQUIRED: A summary of the intentions with which the data set was developed.</purpose></descript><citation><citeinfo><origin>REQUIRED: The name of an organization or individual that developed the data set.</origin><pubdate>REQUIRED: The date when the data set is published or otherwise made available for release.</pubdate><title Sync="TRUE">SG_SPACE.NATIONALPARKS_</title><ftname Sync="TRUE">SG_SPACE.NATIONALPARKS_</ftname><geoform Sync="TRUE">vector digital data</geoform><onlink Sync="TRUE">Server=10.244.9.18; Service=sde:oracle11g; User=SG_SPACE; Version=SDE.DEFAULT</onlink></citeinfo></citation><timeperd><current>REQUIRED: The basis on which the time period of content information is determined.</current><timeinfo><sngdate><caldate>REQUIRED: The year (and optionally month, or month and day) for which the data set corresponds to the ground.</caldate></sngdate></timeinfo></timeperd><status><progress>REQUIRED: The state of the data set.</progress><update>REQUIRED: The frequency with which changes and additions are made to the data set after the initial data set is completed.</update></status><spdom><bounding><westbc Sync="TRUE">REQUIRED: Western-most coordinate of the limit of coverage expressed in longitude.</westbc><eastbc Sync="TRUE">REQUIRED: Eastern-most coordinate of the limit of coverage expressed in longitude.</eastbc><northbc Sync="TRUE">REQUIRED: Northern-most coordinate of the limit of coverage expressed in latitude.</northbc><southbc Sync="TRUE">REQUIRED: Southern-most coordinate of the limit of coverage expressed in latitude.</southbc></bounding></spdom><keywords><theme><themekt>REQUIRED: Reference to a formally registered thesaurus or a similar authoritative source of theme keywords.</themekt><themekey>REQUIRED: Common-use word or phrase used to describe the subject of the data set.</themekey></theme></keywords><accconst>REQUIRED: Restrictions and legal prerequisites for accessing the data set.</accconst><useconst>REQUIRED: Restrictions and legal prerequisites for using the data set after access is granted.</useconst><natvform Sync="TRUE">SDE Feature Class</natvform></idinfo><dataIdInfo><envirDesc Sync="TRUE"> Version 6.3 (Build 9600) ; Esri ArcGIS 10.6.0.8321</envirDesc><dataLang><languageCode Sync="TRUE" value="eng"></languageCode><countryCode value="SGP" Sync="TRUE"></countryCode></dataLang><idCitation><resTitle Sync="TRUE">NATIONALPARKS</resTitle><presForm><PresFormCd Sync="TRUE" value="005"></PresFormCd></presForm></idCitation><spatRpType><SpatRepTypCd Sync="TRUE" value="001"></SpatRepTypCd></spatRpType></dataIdInfo><metainfo><langmeta Sync="TRUE">en</langmeta><metstdn Sync="TRUE">FGDC Content Standards for Digital Geospatial Metadata</metstdn><metstdv Sync="TRUE">FGDC-STD-001-1998</metstdv><mettc Sync="TRUE">local time</mettc><metc><cntinfo><cntorgp><cntper>REQUIRED: The person responsible for the metadata information.</cntper><cntorg>REQUIRED: The organization responsible for the metadata information.</cntorg></cntorgp><cntaddr><addrtype>REQUIRED: The mailing and/or physical address for the organization or individual.</addrtype><city>REQUIRED: The city of the address.</city><state>REQUIRED: The state or province of the address.</state><postal>REQUIRED: The ZIP or other postal code of the address.</postal></cntaddr><cntvoice>REQUIRED: The telephone number by which individuals can speak to the organization or individual.</cntvoice></cntinfo></metc><metd Sync="TRUE">20120725</metd></metainfo><mdLang><languageCode Sync="TRUE" value="eng"></languageCode><countryCode value="SGP" Sync="TRUE"></countryCode></mdLang><mdStanName Sync="TRUE">ISO 19115 Geographic Information - Metadata</mdStanName><mdStanVer Sync="TRUE">DIS_ESRI1.0</mdStanVer><mdChar><CharSetCd Sync="TRUE" value="004"></CharSetCd></mdChar><mdHrLv><ScopeCd Sync="TRUE" value="005"></ScopeCd></mdHrLv><mdHrLvName Sync="TRUE">dataset</mdHrLvName><distinfo><resdesc Sync="TRUE">Downloadable Data</resdesc></distinfo><distInfo><distributor><distorTran><onLineSrc><orDesc Sync="TRUE">002</orDesc><linkage Sync="TRUE">Server=10.244.9.18; Service=sde:oracle11g; User=SG_SPACE; Version=SDE.DEFAULT</linkage><protocol Sync="TRUE">ArcSDE Connection</protocol></onLineSrc></distorTran><distorFormat><formatName Sync="TRUE">SDE Feature Class</formatName></distorFormat></distributor><distFormat><formatName Sync="TRUE">Shapefile</formatName></distFormat><distTranOps><transSize Sync="TRUE">0.000</transSize></distTranOps></distInfo><spdoinfo><direct Sync="TRUE">Vector</direct><ptvctinf><esriterm Name="NATIONALPARKS"><efeatyp Sync="TRUE">Simple</efeatyp><efeageom code="1" Sync="TRUE"></efeageom><esritopo Sync="TRUE">FALSE</esritopo><efeacnt Sync="TRUE">0</efeacnt><spindex Sync="TRUE">FALSE</spindex><linrefer Sync="TRUE">FALSE</linrefer></esriterm></ptvctinf></spdoinfo><spref><horizsys><cordsysn><geogcsn Sync="TRUE">SVY21[WGS84]</geogcsn><projcsn Sync="TRUE">SVY21</projcsn></cordsysn><planar><planci><plance Sync="TRUE">coordinate pair</plance><plandu Sync="TRUE">meters</plandu><coordrep><absres Sync="TRUE">0.000100</absres><ordres Sync="TRUE">0.000100</ordres></coordrep></planci></planar><geodetic><horizdn Sync="TRUE">D_WGS_1984</horizdn><ellips Sync="TRUE">WGS_1984</ellips><semiaxis Sync="TRUE">6378137.000000</semiaxis><denflat Sync="TRUE">298.257224</denflat></geodetic></horizsys><vertdef><altsys><altenc Sync="TRUE">Explicit elevation coordinate included with horizontal coordinates</altenc><altres Sync="TRUE">1.000000</altres></altsys></vertdef></spref><refSysInfo><RefSystem><refSysID><identCode Sync="TRUE" code="0">SVY21</identCode></refSysID></RefSystem></refSysInfo><spatRepInfo><VectSpatRep><geometObjs Name="NATIONALPARKS"><geoObjTyp><GeoObjTypCd value="004" Sync="TRUE"></GeoObjTypCd></geoObjTyp><geoObjCnt Sync="TRUE">0</geoObjCnt></geometObjs><topLvl><TopoLevCd value="001" Sync="TRUE"></TopoLevCd></topLvl></VectSpatRep></spatRepInfo><eainfo><detailed Name="NATIONALPARKS"><enttyp><enttypl Sync="TRUE">NATIONALPARKS</enttypl><enttypt Sync="TRUE">Feature Class</enttypt><enttypc Sync="TRUE">0</enttypc></enttyp><attr><attrlabl Sync="TRUE">FID</attrlabl><attalias Sync="TRUE">FID</attalias><attrtype Sync="TRUE">OID</attrtype><attwidth Sync="TRUE">4</attwidth><atprecis Sync="TRUE">0</atprecis><attscale Sync="TRUE">0</attscale><attrdef Sync="TRUE">Internal feature number.</attrdef><attrdefs Sync="TRUE">Esri</attrdefs><attrdomv><udom Sync="TRUE">Sequential unique whole numbers that are automatically generated.</udom></attrdomv></attr><attr><attrlabl Sync="TRUE">HYPERLINK</attrlabl><attalias Sync="TRUE">HYPERLINK</attalias><attrtype Sync="TRUE">String</attrtype><attwidth Sync="TRUE">254</attwidth><atprecis Sync="TRUE">0</atprecis><attscale Sync="TRUE">0</attscale></attr><attr><attrlabl Sync="TRUE">ADDRESSBLO</attrlabl><attalias Sync="TRUE">ADDRESSBLO</attalias><attrtype Sync="TRUE">String</attrtype><attwidth Sync="TRUE">254</attwidth><atprecis Sync="TRUE">0</atprecis><attscale Sync="TRUE">0</attscale></attr><attr><attrlabl Sync="TRUE">ADDRESSBUI</attrlabl><attalias Sync="TRUE">ADDRESSBUI</attalias><attrtype Sync="TRUE">String</attrtype><attwidth Sync="TRUE">254</attwidth><atprecis Sync="TRUE">0</atprecis><attscale Sync="TRUE">0</attscale></attr><attr><attrlabl Sync="TRUE">ADDRESSTYP</attrlabl><attalias Sync="TRUE">ADDRESSTYP</attalias><attrtype Sync="TRUE">String</attrtype><attwidth Sync="TRUE">1</attwidth><atprecis Sync="TRUE">0</atprecis><attscale Sync="TRUE">0</attscale></attr><attr><attrlabl Sync="TRUE">NAME</attrlabl><attalias Sync="TRUE">NAME</attalias><attrtype Sync="TRUE">String</attrtype><attwidth Sync="TRUE">200</attwidth><atprecis Sync="TRUE">0</atprecis><attscale Sync="TRUE">0</attscale></attr><attr><attrlabl Sync="TRUE">LANDXADDRE</attrlabl><attalias Sync="TRUE">LANDXADDRE</attalias><attrtype Sync="TRUE">Double</attrtype><attwidth Sync="TRUE">19</attwidth><atprecis Sync="TRUE">0</atprecis><attscale Sync="TRUE">0</attscale></attr><attr><attrlabl Sync="TRUE">LANDYADDRE</attrlabl><attalias Sync="TRUE">LANDYADDRE</attalias><attrtype Sync="TRUE">Double</attrtype><attwidth Sync="TRUE">19</attwidth><atprecis Sync="TRUE">0</atprecis><attscale Sync="TRUE">0</attscale></attr><attr><attrlabl Sync="TRUE">PHOTOURL</attrlabl><attalias Sync="TRUE">PHOTOURL</attalias><attrtype Sync="TRUE">String</attrtype><attwidth Sync="TRUE">254</attwidth><atprecis Sync="TRUE">0</atprecis><attscale Sync="TRUE">0</attscale></attr><attr><attrlabl Sync="TRUE">INC_CRC</attrlabl><attalias Sync="TRUE">INC_CRC</attalias><attrtype Sync="TRUE">String</attrtype><attwidth Sync="TRUE">50</attwidth><atprecis Sync="TRUE">0</atprecis><attscale Sync="TRUE">0</attscale></attr><attr><attrlabl Sync="TRUE">ADDRESSPOS</attrlabl><attalias Sync="TRUE">ADDRESSPOS</attalias><attrtype Sync="TRUE">String</attrtype><attwidth Sync="TRUE">254</attwidth><atprecis Sync="TRUE">0</atprecis><attscale Sync="TRUE">0</attscale></attr><attr><attrlabl Sync="TRUE">DESCRIPTIO</attrlabl><attalias Sync="TRUE">DESCRIPTIO</attalias><attrtype Sync="TRUE">String</attrtype><attwidth Sync="TRUE">254</attwidth><atprecis Sync="TRUE">0</atprecis><attscale Sync="TRUE">0</attscale></attr><attr><attrlabl Sync="TRUE">ADDRESSSTR</attrlabl><attalias Sync="TRUE">ADDRESSSTR</attalias><attrtype Sync="TRUE">String</attrtype><attwidth Sync="TRUE">254</attwidth><atprecis Sync="TRUE">0</atprecis><attscale Sync="TRUE">0</attscale></attr><attr><attrlabl Sync="TRUE">ADDRESSFLO</attrlabl><attalias Sync="TRUE">ADDRESSFLO</attalias><attrtype Sync="TRUE">String</attrtype><attwidth Sync="TRUE">254</attwidth><atprecis Sync="TRUE">0</atprecis><attscale Sync="TRUE">0</attscale></attr><attr><attrlabl Sync="TRUE">FMEL_UPD_D</attrlabl><attalias Sync="TRUE">FMEL_UPD_D</attalias><attrtype Sync="TRUE">Date</attrtype><attwidth Sync="TRUE">8</attwidth><atprecis Sync="TRUE">0</atprecis><attscale Sync="TRUE">0</attscale></attr><attr><attrlabl Sync="TRUE">SHAPE</attrlabl><attalias Sync="TRUE">Shape</attalias><attrtype Sync="TRUE">Geometry</attrtype><attwidth Sync="TRUE">0</attwidth><atprecis Sync="TRUE">0</atprecis><attscale Sync="TRUE">0</attscale><attrdef Sync="TRUE">Feature geometry.</attrdef><attrdefs Sync="TRUE">ESRI</attrdefs><attrdomv><udom Sync="TRUE">Coordinates defining the features.</udom></attrdomv></attr><attr><attrlabl Sync="TRUE">ADDRESSUNI</attrlabl><attalias Sync="TRUE">ADDRESSUNI</attalias><attrtype Sync="TRUE">String</attrtype><attwidth Sync="TRUE">254</attwidth><atprecis Sync="TRUE">0</atprecis><attscale Sync="TRUE">0</attscale></attr></detailed></eainfo><mdDateSt Sync="TRUE">20200704</mdDateSt></metadata>
