<metadata xml:lang="en"><Esri><CreaDate>20191219</CreaDate><CreaTime>19283600</CreaTime><ArcGISFormat>1.0</ArcGISFormat><SyncOnce>FALSE</SyncOnce><DataProperties><lineage><Process ToolSource="d:\program files (x86)\arcgis\desktop10.6\ArcToolbox\Toolboxes\Data Management Tools.tbx\Rename" Date="20191219" Time="192836">Rename D:\MXD\RegisterDB\SG_SPACE.sde\HAWKERCENTRE_New D:\MXD\RegisterDB\SG_SPACE.sde\SG_SPACE.HAWKERCENTRE FeatureClass</Process><Process ToolSource="d:\program files (x86)\arcgis\engine10.6\ArcToolbox\Toolboxes\Conversion Tools.tbx\FeatureClassToFeatureClass" Date="20200214" Time="214314">FeatureClassToFeatureClass GPL0 \\10.51.50.34\geospace\FME_SCHEDULER\agency_files\SLA\ONEMAP20/1154558 HAWKERCENTRE.shp # "ADDRESSBLOCKHOUSENUMBER "ADDRESSBLOCKHOUSENUMBER" true true false 255 Text 0 0 ,First,#,C:\Users\SVC-IN~1\AppData\Local\Temp\915d8b27e2f26e529c16e66b25d70c54.sde\SG_SPACE.HAWKERCENTRE,ADDRESSBLOCKHOUSENUMBER,-1,-1;LATITUDE "LATITUDE" true true false 8 Double 8 38 ,First,#,C:\Users\SVC-IN~1\AppData\Local\Temp\915d8b27e2f26e529c16e66b25d70c54.sde\SG_SPACE.HAWKERCENTRE,LATITUDE,-1,-1;EST_ORIGINAL_COMPLETION_DATE "EST_ORIGINAL_COMPLETION_DATE" true true false 255 Text 0 0 ,First,#,C:\Users\SVC-IN~1\AppData\Local\Temp\915d8b27e2f26e529c16e66b25d70c54.sde\SG_SPACE.HAWKERCENTRE,EST_ORIGINAL_COMPLETION_DATE,-1,-1;STATUS "STATUS" true true false 255 Text 0 0 ,First,#,C:\Users\SVC-IN~1\AppData\Local\Temp\915d8b27e2f26e529c16e66b25d70c54.sde\SG_SPACE.HAWKERCENTRE,STATUS,-1,-1;CLEANINGSTARTDATE "CLEANINGSTARTDATE" true true false 255 Text 0 0 ,First,#,C:\Users\SVC-IN~1\AppData\Local\Temp\915d8b27e2f26e529c16e66b25d70c54.sde\SG_SPACE.HAWKERCENTRE,CLEANINGSTARTDATE,-1,-1;ADDRESSUNITNUMBER "ADDRESSUNITNUMBER" true true false 255 Text 0 0 ,First,#,C:\Users\SVC-IN~1\AppData\Local\Temp\915d8b27e2f26e529c16e66b25d70c54.sde\SG_SPACE.HAWKERCENTRE,ADDRESSUNITNUMBER,-1,-1;ADDRESSFLOORNUMBER "ADDRESSFLOORNUMBER" true true false 255 Text 0 0 ,First,#,C:\Users\SVC-IN~1\AppData\Local\Temp\915d8b27e2f26e529c16e66b25d70c54.sde\SG_SPACE.HAWKERCENTRE,ADDRESSFLOORNUMBER,-1,-1;NO_OF_FOOD_STALLS "NO_OF_FOOD_STALLS" true true false 4 Long 0 10 ,First,#,C:\Users\SVC-IN~1\AppData\Local\Temp\915d8b27e2f26e529c16e66b25d70c54.sde\SG_SPACE.HAWKERCENTRE,NO_OF_FOOD_STALLS,-1,-1;HYPERLINK "HYPERLINK" true true false 255 Text 0 0 ,First,#,C:\Users\SVC-IN~1\AppData\Local\Temp\915d8b27e2f26e529c16e66b25d70c54.sde\SG_SPACE.HAWKERCENTRE,HYPERLINK,-1,-1;REGION "REGION" true true false 255 Text 0 0 ,First,#,C:\Users\SVC-IN~1\AppData\Local\Temp\915d8b27e2f26e529c16e66b25d70c54.sde\SG_SPACE.HAWKERCENTRE,REGION,-1,-1;APPROXIMATE_GFA "APPROXIMATE_GFA" true true false 255 Text 0 0 ,First,#,C:\Users\SVC-IN~1\AppData\Local\Temp\915d8b27e2f26e529c16e66b25d70c54.sde\SG_SPACE.HAWKERCENTRE,APPROXIMATE_GFA,-1,-1;LONGITUDE "LONGITUDE" true true false 8 Double 8 38 ,First,#,C:\Users\SVC-IN~1\AppData\Local\Temp\915d8b27e2f26e529c16e66b25d70c54.sde\SG_SPACE.HAWKERCENTRE,LONGITUDE,-1,-1;INFO_ON_CO_LOCATORS "INFO_ON_CO_LOCATORS" true true false 255 Text 0 0 ,First,#,C:\Users\SVC-IN~1\AppData\Local\Temp\915d8b27e2f26e529c16e66b25d70c54.sde\SG_SPACE.HAWKERCENTRE,INFO_ON_CO_LOCATORS,-1,-1;NO_OF_MARKET_STALLS "NO_OF_MARKET_STALLS" true true false 4 Long 0 10 ,First,#,C:\Users\SVC-IN~1\AppData\Local\Temp\915d8b27e2f26e529c16e66b25d70c54.sde\SG_SPACE.HAWKERCENTRE,NO_OF_MARKET_STALLS,-1,-1;AWARDED_DATE "AWARDED_DATE" true true false 255 Text 0 0 ,First,#,C:\Users\SVC-IN~1\AppData\Local\Temp\915d8b27e2f26e529c16e66b25d70c54.sde\SG_SPACE.HAWKERCENTRE,AWARDED_DATE,-1,-1;LANDYADDRESSPOINT "LANDYADDRESSPOINT" true true false 8 Double 8 38 ,First,#,C:\Users\SVC-IN~1\AppData\Local\Temp\915d8b27e2f26e529c16e66b25d70c54.sde\SG_SPACE.HAWKERCENTRE,LANDYADDRESSPOINT,-1,-1;CLEANINGENDDATE "CLEANINGENDDATE" true true false 255 Text 0 0 ,First,#,C:\Users\SVC-IN~1\AppData\Local\Temp\915d8b27e2f26e529c16e66b25d70c54.sde\SG_SPACE.HAWKERCENTRE,CLEANINGENDDATE,-1,-1;PHOTOURL "PHOTOURL" true true false 255 Text 0 0 ,First,#,C:\Users\SVC-IN~1\AppData\Local\Temp\915d8b27e2f26e529c16e66b25d70c54.sde\SG_SPACE.HAWKERCENTRE,PHOTOURL,-1,-1;DESCRIPTION "DESCRIPTION" true true false 255 Text 0 0 ,First,#,C:\Users\SVC-IN~1\AppData\Local\Temp\915d8b27e2f26e529c16e66b25d70c54.sde\SG_SPACE.HAWKERCENTRE,DESCRIPTION,-1,-1;NAME "NAME" true true false 255 Text 0 0 ,First,#,C:\Users\SVC-IN~1\AppData\Local\Temp\915d8b27e2f26e529c16e66b25d70c54.sde\SG_SPACE.HAWKERCENTRE,NAME,-1,-1;ADDRESSTYPE "ADDRESSTYPE" true true false 255 Text 0 0 ,First,#,C:\Users\SVC-IN~1\AppData\Local\Temp\915d8b27e2f26e529c16e66b25d70c54.sde\SG_SPACE.HAWKERCENTRE,ADDRESSTYPE,-1,-1;RNR_STATUS "RNR_STATUS" true true false 255 Text 0 0 ,First,#,C:\Users\SVC-IN~1\AppData\Local\Temp\915d8b27e2f26e529c16e66b25d70c54.sde\SG_SPACE.HAWKERCENTRE,RNR_STATUS,-1,-1;ADDRESSBUILDINGNAME "ADDRESSBUILDINGNAME" true true false 255 Text 0 0 ,First,#,C:\Users\SVC-IN~1\AppData\Local\Temp\915d8b27e2f26e529c16e66b25d70c54.sde\SG_SPACE.HAWKERCENTRE,ADDRESSBUILDINGNAME,-1,-1;HUP_COMPLETION_DATE "HUP_COMPLETION_DATE" true true false 255 Text 0 0 ,First,#,C:\Users\SVC-IN~1\AppData\Local\Temp\915d8b27e2f26e529c16e66b25d70c54.sde\SG_SPACE.HAWKERCENTRE,HUP_COMPLETION_DATE,-1,-1;LANDXADDRESSPOINT "LANDXADDRESSPOINT" true true false 8 Double 8 38 ,First,#,C:\Users\SVC-IN~1\AppData\Local\Temp\915d8b27e2f26e529c16e66b25d70c54.sde\SG_SPACE.HAWKERCENTRE,LANDXADDRESSPOINT,-1,-1;ADDRESSSTREETNAME "ADDRESSSTREETNAME" true true false 255 Text 0 0 ,First,#,C:\Users\SVC-IN~1\AppData\Local\Temp\915d8b27e2f26e529c16e66b25d70c54.sde\SG_SPACE.HAWKERCENTRE,ADDRESSSTREETNAME,-1,-1;ADDRESSPOSTALCODE "ADDRESSPOSTALCODE" true true false 255 Text 0 0 ,First,#,C:\Users\SVC-IN~1\AppData\Local\Temp\915d8b27e2f26e529c16e66b25d70c54.sde\SG_SPACE.HAWKERCENTRE,ADDRESSPOSTALCODE,-1,-1;DESCRIPTION_MYENV "DESCRIPTION_MYENV" true true false 668 Text 0 0 ,First,#,C:\Users\SVC-IN~1\AppData\Local\Temp\915d8b27e2f26e529c16e66b25d70c54.sde\SG_SPACE.HAWKERCENTRE,DESCRIPTION_MYENV,-1,-1;IMPLEMENTATION_DATE "IMPLEMENTATION_DATE" true true false 255 Text 0 0 ,First,#,C:\Users\SVC-IN~1\AppData\Local\Temp\915d8b27e2f26e529c16e66b25d70c54.sde\SG_SPACE.HAWKERCENTRE,IMPLEMENTATION_DATE,-1,-1;ADDRESS_MYENV "ADDRESS_MYENV" true true false 255 Text 0 0 ,First,#,C:\Users\SVC-IN~1\AppData\Local\Temp\915d8b27e2f26e529c16e66b25d70c54.sde\SG_SPACE.HAWKERCENTRE,ADDRESS_MYENV,-1,-1;INC_CRC "INC_CRC" true true false 50 Text 0 0 ,First,#,C:\Users\SVC-IN~1\AppData\Local\Temp\915d8b27e2f26e529c16e66b25d70c54.sde\SG_SPACE.HAWKERCENTRE,INC_CRC,-1,-1;FMEL_UPD_D "FMEL_UPD_D" true true false 8 Date 0 0 ,First,#,C:\Users\SVC-IN~1\AppData\Local\Temp\915d8b27e2f26e529c16e66b25d70c54.sde\SG_SPACE.HAWKERCENTRE,FMEL_UPD_D,-1,-1" #</Process></lineage><itemProps><itemName Sync="TRUE">HAWKERCENTRE</itemName><imsContentType Sync="TRUE">002</imsContentType><itemSize Sync="TRUE">0.000</itemSize><itemLocation><linkage Sync="TRUE">file://\\10.51.50.34\geospace\FME_SCHEDULER\agency_files\SLA\ONEMAP20\1154558\HAWKERCENTRE.shp</linkage><protocol Sync="TRUE">Local Area Network</protocol></itemLocation></itemProps><coordRef><type Sync="TRUE">Projected</type><geogcsn Sync="TRUE">SVY21[WGS84]</geogcsn><csUnits Sync="TRUE">Linear Unit: Meter (1.000000)</csUnits><projcsn Sync="TRUE">SVY21</projcsn><peXml Sync="TRUE">&lt;ProjectedCoordinateSystem xsi:type='typens:ProjectedCoordinateSystem' xmlns:xsi='http://www.w3.org/2001/XMLSchema-instance' xmlns:xs='http://www.w3.org/2001/XMLSchema' xmlns:typens='http://www.esri.com/schemas/ArcGIS/10.6'&gt;&lt;WKT&gt;PROJCS[&amp;quot;SVY21&amp;quot;,GEOGCS[&amp;quot;SVY21[WGS84]&amp;quot;,DATUM[&amp;quot;D_WGS_1984&amp;quot;,SPHEROID[&amp;quot;WGS_1984&amp;quot;,6378137.0,298.257223563]],PRIMEM[&amp;quot;Greenwich&amp;quot;,0.0],UNIT[&amp;quot;Degree&amp;quot;,0.0174532925199433]],PROJECTION[&amp;quot;Transverse_Mercator&amp;quot;],PARAMETER[&amp;quot;False_Easting&amp;quot;,28001.642],PARAMETER[&amp;quot;False_Northing&amp;quot;,38744.572],PARAMETER[&amp;quot;Central_Meridian&amp;quot;,103.8333333333333],PARAMETER[&amp;quot;Scale_Factor&amp;quot;,1.0],PARAMETER[&amp;quot;Latitude_Of_Origin&amp;quot;,1.366666666666667],UNIT[&amp;quot;Meter&amp;quot;,1.0]]&lt;/WKT&gt;&lt;XOrigin&gt;-5595200&lt;/XOrigin&gt;&lt;YOrigin&gt;-10114500&lt;/YOrigin&gt;&lt;XYScale&gt;450265407.00157917&lt;/XYScale&gt;&lt;ZOrigin&gt;-100000&lt;/ZOrigin&gt;&lt;ZScale&gt;10000&lt;/ZScale&gt;&lt;MOrigin&gt;-100000&lt;/MOrigin&gt;&lt;MScale&gt;10000&lt;/MScale&gt;&lt;XYTolerance&gt;0.001&lt;/XYTolerance&gt;&lt;ZTolerance&gt;0.001&lt;/ZTolerance&gt;&lt;MTolerance&gt;0.001&lt;/MTolerance&gt;&lt;HighPrecision&gt;true&lt;/HighPrecision&gt;&lt;/ProjectedCoordinateSystem&gt;</peXml></coordRef></DataProperties><SyncDate>20200214</SyncDate><SyncTime>21431400</SyncTime><ModDate>20200214</ModDate><ModTime>21431400</ModTime></Esri><dataIdInfo><envirDesc Sync="TRUE"> Version 6.3 (Build 9600) ; Esri ArcGIS 10.6.0.8321</envirDesc><dataLang><languageCode value="eng" Sync="TRUE"></languageCode><countryCode value="SGP" Sync="TRUE"></countryCode></dataLang><idCitation><resTitle Sync="TRUE">HAWKERCENTRE</resTitle><presForm><PresFormCd value="005" Sync="TRUE"></PresFormCd></presForm></idCitation><spatRpType><SpatRepTypCd value="001" Sync="TRUE"></SpatRepTypCd></spatRpType></dataIdInfo><mdLang><languageCode value="eng" Sync="TRUE"></languageCode><countryCode value="SGP" Sync="TRUE"></countryCode></mdLang><distInfo><distFormat><formatName Sync="TRUE">Shapefile</formatName></distFormat><distTranOps><transSize Sync="TRUE">0.000</transSize></distTranOps></distInfo><mdHrLv><ScopeCd value="005" Sync="TRUE"></ScopeCd></mdHrLv><mdHrLvName Sync="TRUE">dataset</mdHrLvName><refSysInfo><RefSystem><refSysID><identCode code="0" Sync="TRUE"></identCode></refSysID></RefSystem></refSysInfo><spatRepInfo><VectSpatRep><geometObjs Name="HAWKERCENTRE"><geoObjTyp><GeoObjTypCd value="004" Sync="TRUE"></GeoObjTypCd></geoObjTyp><geoObjCnt Sync="TRUE">0</geoObjCnt></geometObjs><topLvl><TopoLevCd value="001" Sync="TRUE"></TopoLevCd></topLvl></VectSpatRep></spatRepInfo><spdoinfo><ptvctinf><esriterm Name="HAWKERCENTRE"><efeatyp Sync="TRUE">Simple</efeatyp><efeageom code="1" Sync="TRUE"></efeageom><esritopo Sync="TRUE">FALSE</esritopo><efeacnt Sync="TRUE">0</efeacnt><spindex Sync="TRUE">FALSE</spindex><linrefer Sync="TRUE">FALSE</linrefer></esriterm></ptvctinf></spdoinfo><eainfo><detailed Name="HAWKERCENTRE"><enttyp><enttypl Sync="TRUE">HAWKERCENTRE</enttypl><enttypt Sync="TRUE">Feature Class</enttypt><enttypc Sync="TRUE">0</enttypc></enttyp><attr><attrlabl Sync="TRUE">FID</attrlabl><attalias Sync="TRUE">FID</attalias><attrtype Sync="TRUE">OID</attrtype><attwidth Sync="TRUE">4</attwidth><atprecis Sync="TRUE">0</atprecis><attscale Sync="TRUE">0</attscale><attrdef Sync="TRUE">Internal feature number.</attrdef><attrdefs Sync="TRUE">Esri</attrdefs><attrdomv><udom Sync="TRUE">Sequential unique whole numbers that are automatically generated.</udom></attrdomv></attr><attr><attrlabl Sync="TRUE">Shape</attrlabl><attalias Sync="TRUE">Shape</attalias><attrtype Sync="TRUE">Geometry</attrtype><attwidth Sync="TRUE">0</attwidth><atprecis Sync="TRUE">0</atprecis><attscale Sync="TRUE">0</attscale><attrdef Sync="TRUE">Feature geometry.</attrdef><attrdefs Sync="TRUE">Esri</attrdefs><attrdomv><udom Sync="TRUE">Coordinates defining the features.</udom></attrdomv></attr><attr><attrlabl Sync="TRUE">ADDRESSBLO</attrlabl><attalias Sync="TRUE">ADDRESSBLO</attalias><attrtype Sync="TRUE">String</attrtype><attwidth Sync="TRUE">254</attwidth><atprecis Sync="TRUE">0</atprecis><attscale Sync="TRUE">0</attscale></attr><attr><attrlabl Sync="TRUE">LATITUDE</attrlabl><attalias Sync="TRUE">LATITUDE</attalias><attrtype Sync="TRUE">Double</attrtype><attwidth Sync="TRUE">19</attwidth><atprecis Sync="TRUE">0</atprecis><attscale Sync="TRUE">0</attscale></attr><attr><attrlabl Sync="TRUE">EST_ORIGIN</attrlabl><attalias Sync="TRUE">EST_ORIGIN</attalias><attrtype Sync="TRUE">String</attrtype><attwidth Sync="TRUE">254</attwidth><atprecis Sync="TRUE">0</atprecis><attscale Sync="TRUE">0</attscale></attr><attr><attrlabl Sync="TRUE">STATUS</attrlabl><attalias Sync="TRUE">STATUS</attalias><attrtype Sync="TRUE">String</attrtype><attwidth Sync="TRUE">254</attwidth><atprecis Sync="TRUE">0</atprecis><attscale Sync="TRUE">0</attscale></attr><attr><attrlabl Sync="TRUE">CLEANINGST</attrlabl><attalias Sync="TRUE">CLEANINGST</attalias><attrtype Sync="TRUE">String</attrtype><attwidth Sync="TRUE">254</attwidth><atprecis Sync="TRUE">0</atprecis><attscale Sync="TRUE">0</attscale></attr><attr><attrlabl Sync="TRUE">ADDRESSUNI</attrlabl><attalias Sync="TRUE">ADDRESSUNI</attalias><attrtype Sync="TRUE">String</attrtype><attwidth Sync="TRUE">254</attwidth><atprecis Sync="TRUE">0</atprecis><attscale Sync="TRUE">0</attscale></attr><attr><attrlabl Sync="TRUE">ADDRESSFLO</attrlabl><attalias Sync="TRUE">ADDRESSFLO</attalias><attrtype Sync="TRUE">String</attrtype><attwidth Sync="TRUE">254</attwidth><atprecis Sync="TRUE">0</atprecis><attscale Sync="TRUE">0</attscale></attr><attr><attrlabl Sync="TRUE">NO_OF_FOOD</attrlabl><attalias Sync="TRUE">NO_OF_FOOD</attalias><attrtype Sync="TRUE">Integer</attrtype><attwidth Sync="TRUE">10</attwidth><atprecis Sync="TRUE">10</atprecis><attscale Sync="TRUE">0</attscale></attr><attr><attrlabl Sync="TRUE">HYPERLINK</attrlabl><attalias Sync="TRUE">HYPERLINK</attalias><attrtype Sync="TRUE">String</attrtype><attwidth Sync="TRUE">254</attwidth><atprecis Sync="TRUE">0</atprecis><attscale Sync="TRUE">0</attscale></attr><attr><attrlabl Sync="TRUE">REGION</attrlabl><attalias Sync="TRUE">REGION</attalias><attrtype Sync="TRUE">String</attrtype><attwidth Sync="TRUE">254</attwidth><atprecis Sync="TRUE">0</atprecis><attscale Sync="TRUE">0</attscale></attr><attr><attrlabl Sync="TRUE">APPROXIMAT</attrlabl><attalias Sync="TRUE">APPROXIMAT</attalias><attrtype Sync="TRUE">String</attrtype><attwidth Sync="TRUE">254</attwidth><atprecis Sync="TRUE">0</atprecis><attscale Sync="TRUE">0</attscale></attr><attr><attrlabl Sync="TRUE">LONGITUDE</attrlabl><attalias Sync="TRUE">LONGITUDE</attalias><attrtype Sync="TRUE">Double</attrtype><attwidth Sync="TRUE">19</attwidth><atprecis Sync="TRUE">0</atprecis><attscale Sync="TRUE">0</attscale></attr><attr><attrlabl Sync="TRUE">INFO_ON_CO</attrlabl><attalias Sync="TRUE">INFO_ON_CO</attalias><attrtype Sync="TRUE">String</attrtype><attwidth Sync="TRUE">254</attwidth><atprecis Sync="TRUE">0</atprecis><attscale Sync="TRUE">0</attscale></attr><attr><attrlabl Sync="TRUE">NO_OF_MARK</attrlabl><attalias Sync="TRUE">NO_OF_MARK</attalias><attrtype Sync="TRUE">Integer</attrtype><attwidth Sync="TRUE">10</attwidth><atprecis Sync="TRUE">10</atprecis><attscale Sync="TRUE">0</attscale></attr><attr><attrlabl Sync="TRUE">AWARDED_DA</attrlabl><attalias Sync="TRUE">AWARDED_DA</attalias><attrtype Sync="TRUE">String</attrtype><attwidth Sync="TRUE">254</attwidth><atprecis Sync="TRUE">0</atprecis><attscale Sync="TRUE">0</attscale></attr><attr><attrlabl Sync="TRUE">LANDYADDRE</attrlabl><attalias Sync="TRUE">LANDYADDRE</attalias><attrtype Sync="TRUE">Double</attrtype><attwidth Sync="TRUE">19</attwidth><atprecis Sync="TRUE">0</atprecis><attscale Sync="TRUE">0</attscale></attr><attr><attrlabl Sync="TRUE">CLEANINGEN</attrlabl><attalias Sync="TRUE">CLEANINGEN</attalias><attrtype Sync="TRUE">String</attrtype><attwidth Sync="TRUE">254</attwidth><atprecis Sync="TRUE">0</atprecis><attscale Sync="TRUE">0</attscale></attr><attr><attrlabl Sync="TRUE">PHOTOURL</attrlabl><attalias Sync="TRUE">PHOTOURL</attalias><attrtype Sync="TRUE">String</attrtype><attwidth Sync="TRUE">254</attwidth><atprecis Sync="TRUE">0</atprecis><attscale Sync="TRUE">0</attscale></attr><attr><attrlabl Sync="TRUE">DESCRIPTIO</attrlabl><attalias Sync="TRUE">DESCRIPTIO</attalias><attrtype Sync="TRUE">String</attrtype><attwidth Sync="TRUE">254</attwidth><atprecis Sync="TRUE">0</atprecis><attscale Sync="TRUE">0</attscale></attr><attr><attrlabl Sync="TRUE">NAME</attrlabl><attalias Sync="TRUE">NAME</attalias><attrtype Sync="TRUE">String</attrtype><attwidth Sync="TRUE">254</attwidth><atprecis Sync="TRUE">0</atprecis><attscale Sync="TRUE">0</attscale></attr><attr><attrlabl Sync="TRUE">ADDRESSTYP</attrlabl><attalias Sync="TRUE">ADDRESSTYP</attalias><attrtype Sync="TRUE">String</attrtype><attwidth Sync="TRUE">254</attwidth><atprecis Sync="TRUE">0</atprecis><attscale Sync="TRUE">0</attscale></attr><attr><attrlabl Sync="TRUE">RNR_STATUS</attrlabl><attalias Sync="TRUE">RNR_STATUS</attalias><attrtype Sync="TRUE">String</attrtype><attwidth Sync="TRUE">254</attwidth><atprecis Sync="TRUE">0</atprecis><attscale Sync="TRUE">0</attscale></attr><attr><attrlabl Sync="TRUE">ADDRESSBUI</attrlabl><attalias Sync="TRUE">ADDRESSBUI</attalias><attrtype Sync="TRUE">String</attrtype><attwidth Sync="TRUE">254</attwidth><atprecis Sync="TRUE">0</atprecis><attscale Sync="TRUE">0</attscale></attr><attr><attrlabl Sync="TRUE">HUP_COMPLE</attrlabl><attalias Sync="TRUE">HUP_COMPLE</attalias><attrtype Sync="TRUE">String</attrtype><attwidth Sync="TRUE">254</attwidth><atprecis Sync="TRUE">0</atprecis><attscale Sync="TRUE">0</attscale></attr><attr><attrlabl Sync="TRUE">LANDXADDRE</attrlabl><attalias Sync="TRUE">LANDXADDRE</attalias><attrtype Sync="TRUE">Double</attrtype><attwidth Sync="TRUE">19</attwidth><atprecis Sync="TRUE">0</atprecis><attscale Sync="TRUE">0</attscale></attr><attr><attrlabl Sync="TRUE">ADDRESSSTR</attrlabl><attalias Sync="TRUE">ADDRESSSTR</attalias><attrtype Sync="TRUE">String</attrtype><attwidth Sync="TRUE">254</attwidth><atprecis Sync="TRUE">0</atprecis><attscale Sync="TRUE">0</attscale></attr><attr><attrlabl Sync="TRUE">ADDRESSPOS</attrlabl><attalias Sync="TRUE">ADDRESSPOS</attalias><attrtype Sync="TRUE">String</attrtype><attwidth Sync="TRUE">254</attwidth><atprecis Sync="TRUE">0</atprecis><attscale Sync="TRUE">0</attscale></attr><attr><attrlabl Sync="TRUE">DESCRIPT_1</attrlabl><attalias Sync="TRUE">DESCRIPT_1</attalias><attrtype Sync="TRUE">String</attrtype><attwidth Sync="TRUE">254</attwidth><atprecis Sync="TRUE">0</atprecis><attscale Sync="TRUE">0</attscale></attr><attr><attrlabl Sync="TRUE">IMPLEMENTA</attrlabl><attalias Sync="TRUE">IMPLEMENTA</attalias><attrtype Sync="TRUE">String</attrtype><attwidth Sync="TRUE">254</attwidth><atprecis Sync="TRUE">0</atprecis><attscale Sync="TRUE">0</attscale></attr><attr><attrlabl Sync="TRUE">ADDRESS_MY</attrlabl><attalias Sync="TRUE">ADDRESS_MY</attalias><attrtype Sync="TRUE">String</attrtype><attwidth Sync="TRUE">254</attwidth><atprecis Sync="TRUE">0</atprecis><attscale Sync="TRUE">0</attscale></attr><attr><attrlabl Sync="TRUE">INC_CRC</attrlabl><attalias Sync="TRUE">INC_CRC</attalias><attrtype Sync="TRUE">String</attrtype><attwidth Sync="TRUE">50</attwidth><atprecis Sync="TRUE">0</atprecis><attscale Sync="TRUE">0</attscale></attr><attr><attrlabl Sync="TRUE">FMEL_UPD_D</attrlabl><attalias Sync="TRUE">FMEL_UPD_D</attalias><attrtype Sync="TRUE">Date</attrtype><attwidth Sync="TRUE">8</attwidth><atprecis Sync="TRUE">0</atprecis><attscale Sync="TRUE">0</attscale></attr></detailed></eainfo><mdDateSt Sync="TRUE">20200214</mdDateSt></metadata>
